Store,Category,Subcategory,Name,Price
Trader Joes,Bakery,Sweet Stuff,Gluten Free Pumpkin Bread,$4.99
Trader Joes,Bakery,Sweet Stuff,Gluten Free Pumpkin Streusel Muffins,$4.99
Trader Joes,Bakery,Sweet Stuff,Apple Cider Donuts,$4.49
Trader Joes,Bakery,Sweet Stuff,Cinnamon Coffee Cake,$5.49
Trader Joes,Bakery,Sliced Bread,Gluten Free White Sandwich Bread,$4.49
Trader Joes,Bakery,Sliced Bread,Vegan Brioche Loaf,$3.99
Trader Joes,Bakery,"Loaves, Rolls, Buns",Classic Hamburger Buns,$1.99
Trader Joes,Bakery,Sweet Stuff,Brookie,$4.49
Trader Joes,Bakery,"Loaves, Rolls, Buns",Brioche Hot Dog Buns,$2.99
Trader Joes,Bakery,"Loaves, Rolls, Buns",Brioche Buns,$3.99
Trader Joes,Bakery,Sweet Stuff,Sea Salt Brownie Bites,$2.99
Trader Joes,Bakery,Sweet Stuff,Gluten Free Double Chocolate Muffins,$4.99
Trader Joes,Bakery,Bagels,Gluten Free Everything Bagels,$4.49
Trader Joes,Bakery,Sweet Stuff,Gluten Free Cinnamon Coffee Cake Muffins,$4.99
Trader Joes,Bakery,Bagels,Gluten Free Pumpkin Bagels,$4.49
Trader Joes,Bakery,Bagels,Pumpkin Bagels,$2.99
Trader Joes,Bakery,Sweet Stuff,Molasses Cookies,$4.49
Trader Joes,Bakery,Sweet Stuff,Pumpkin Blondie Brownies,$4.49
Trader Joes,Bakery,Sweet Stuff,Cinnamon Brooklyn Babka,$5.99
Trader Joes,Bakery,"Loaves, Rolls, Buns",Gluten Free English Muffins,$3.99
Trader Joes,Bakery,Sliced Bread,White Sliced Bread,$1.99
Trader Joes,Bakery,Sweet Stuff,Vegan Banana Bread with Walnuts,$4.99
Trader Joes,Bakery,Sliced Bread,Whole Wheat Sliced Bread,$1.99
Trader Joes,Bakery,"Loaves, Rolls, Buns",Organic French Baguette,$1.99
Trader Joes,Bakery,Sweet Stuff,Madeleine Cookies,$2.99
Trader Joes,Bakery,"Loaves, Rolls, Buns",Gluten Free Hamburger Buns,$3.99
Trader Joes,Bakery,Tortillas & Flatbreads,Garlic Indian Style Flatbread,$2.99
Trader Joes,Bakery,Tortillas & Flatbreads,Traditional Indian Style Flatbread,$2.99
Trader Joes,Bakery,Tortillas & Flatbreads,Focaccia Bread with Roasted Tomato & Parmesan,$4.49
Trader Joes,Bakery,Sweet Stuff,Chocolate Chip Pain Au Lait,$2.99
Trader Joes,Bakery,Sweet Stuff,Blueberry Muffins,$4.99
Trader Joes,Bakery,"Loaves, Rolls, Buns",Everything Ciabatta Rolls,$2.49
Trader Joes,Bakery,"Loaves, Rolls, Buns",Classic English Muffins,$1.99
Trader Joes,Bakery,"Loaves, Rolls, Buns",Organic French Rolls,$2.29
Trader Joes,Bakery,"Loaves, Rolls, Buns",Sweet Pull Apart Aloha Rolls,$2.99
Trader Joes,Cheese,"Wedges, Wheels, Loaves, Logs",Sage Derby,$11.99
Trader Joes,Cheese,"Wedges, Wheels, Loaves, Logs",Creamy Toscano Cheese Dusted with Cinnamon,$10.99
Trader Joes,Cheese,"Wedges, Wheels, Loaves, Logs",Rutland Red Leicester Cheese,$9.99
Trader Joes,Cheese,"Wedges, Wheels, Loaves, Logs",Stripey Joe,$11.99
Trader Joes,Cheese,"Wedges, Wheels, Loaves, Logs",Triple Cream Brie Cheese with Green Peppercorns,$11.99
Trader Joes,Cheese,Cream and Creamy Cheeses,Mascarpone,$2.99
Trader Joes,Cheese,"Wedges, Wheels, Loaves, Logs",Green Goddess Gouda,$8.99
Trader Joes,Cheese,"Slices, Shreds, Crumbles",Sliced Provolone Cheese,$4.99
Trader Joes,Cheese,"Slices, Shreds, Crumbles",Crumbled Goat Cheese,$2.99
Trader Joes,Cheese,"Wedges, Wheels, Loaves, Logs",All Natural Fresh Mozzarella Cheese,$3.79
Trader Joes,Cheese,"Slices, Shreds, Crumbles",Fancy Shredded Mexican Style Cheese Blend,$3.69
Trader Joes,Cheese,"Slices, Shreds, Crumbles",Quattro Formaggi,$4.99
Trader Joes,Cheese,"Wedges, Wheels, Loaves, Logs",Garlic Bread Cheese,$4.29
Trader Joes,Cheese,"Slices, Shreds, Crumbles",Organic Crumbled Feta Cheese,$3.49
Trader Joes,Cheese,"Wedges, Wheels, Loaves, Logs",White Stilton with Cranberries,$10.99
Trader Joes,Cheese,"Wedges, Wheels, Loaves, Logs",Cranberry Chèvre Goat Cheese,$3.99
Trader Joes,Cheese,"Wedges, Wheels, Loaves, Logs",Raclette Sliced Cheese,$6.99
Trader Joes,Cheese,"Wedges, Wheels, Loaves, Logs",Cheddar Cheese with Scotch Bonnet Chili Peppers,$8.99
Trader Joes,Cheese,"Wedges, Wheels, Loaves, Logs",Unexpected Cheddar Cheese,$3.99
Trader Joes,Cheese,"Wedges, Wheels, Loaves, Logs",English Cheddar with Caramelized Onions,$9.99
Trader Joes,Cheese,"Slices, Shreds, Crumbles",Shredded Parmesan Cheese Alternative,$3.99
Trader Joes,Cheese,"Wedges, Wheels, Loaves, Logs",Chevre Goat Cheese,$2.99
Trader Joes,Cheese,"Wedges, Wheels, Loaves, Logs",Cheddar & Gruyere Mèlange Cheese,$7.49
Trader Joes,Cheese,"Slices, Shreds, Crumbles",Shredded Lite Mozzarella Cheese,$3.49
Trader Joes,Cheese,"Wedges, Wheels, Loaves, Logs",Italian Truffle Cheese,$12.99
Trader Joes,Cheese,"Wedges, Wheels, Loaves, Logs",New Zealand Sharp Cheddar Cheese,$6.99
Trader Joes,Cheese,"Slices, Shreds, Crumbles",Grated Parmesan Cheese,$2.99
Trader Joes,Cheese,"Slices, Shreds, Crumbles",Organic Shredded 3 Cheese Blend,$4.49
Trader Joes,Cheese,Cream and Creamy Cheeses,Onion & Chive Cream Cheese Spread,$1.99
Trader Joes,Cheese,"Slices, Shreds, Crumbles",Sliced New Zealand Organic Cheddar,$4.99
Trader Joes,Cheese,"Wedges, Wheels, Loaves, Logs",Israeli Feta,$6.99
Trader Joes,Cheese,Cream and Creamy Cheeses,Part Skim Ricotta Cheese,$3.69
Trader Joes,Cheese,"Wedges, Wheels, Loaves, Logs",Chevre with Honey,$2.99
Trader Joes,Cheese,"Slices, Shreds, Crumbles",Shredded Unexpected Cheddar Cheese,$4.99
Trader Joes,Cheese,Packaged for Snacking,Cheese Party Tray,$5.99
Trader Joes,Dairy & Eggs,Eggs,Pasture Rasied Large Brown Egss,$4.69
Trader Joes,Dairy & Eggs,Eggs,Simply Eggless Plant Based Egg,$4.99
Trader Joes,Dairy & Eggs,"Yogurt, etc.",Plain Whole Milk Greek Yogurt,$0.99
Trader Joes,Dairy & Eggs,"Yogurt, etc.",Nonfat Plain Greek Yogurt,$0.99
Trader Joes,Dairy & Eggs,"Yogurt, etc.","Raspberries & Cream, Meyer Lemon & Cream Yogurt Cups",$2.99
Trader Joes,Dairy & Eggs,"Yogurt, etc.","Peaches & Cream, Mango & Cream Yogurt Cups",$2.99
Trader Joes,Dairy & Eggs,"Yogurt, etc.","Strawberries & Cream, Bananas & Cream Yogurt Cups",$2.99
Trader Joes,Dairy & Eggs,"Yogurt, etc.",Greek Yogurt with Honey,$5.49
Trader Joes,Dairy & Eggs,"Yogurt, etc.",Small Curd Cottage Cheese,$2.99
Trader Joes,Dairy & Eggs,"Yogurt, etc.","Organic Creamy Cashew Cultured Yogurt Alternative, Plain Unsweetened",$4.99
Trader Joes,Dairy & Eggs,Butter,Vegan Buttery Spread,$3.99
Trader Joes,Dairy & Eggs,Butter,"Butter Quarters, Unsalted",$3.69
Trader Joes,Dairy & Eggs,Butter,"Butter Quarters, Salted",$3.69
Trader Joes,Dairy & Eggs,"Yogurt, etc.",Greek Nonfat Pumpkin Yogurt,$0.99
Trader Joes,Dairy & Eggs,"Yogurt, etc.",Organic Pumpkin Spice Creamy Cashew Yogurt Alternative,$1.79
Trader Joes,Dairy & Eggs,Milk & Cream,Chocolate Whole Milk made with Fair Trade Cocoa,$3.99
Trader Joes,"Dips, Sauces & Dressings",Dip/Spread,Vegan Salmonesque Spread,$4.29
Trader Joes,"Dips, Sauces & Dressings",Dressing & Seasoning,Organic Maple Vinaigrette Dressing,$3.49
Trader Joes,"Dips, Sauces & Dressings","BBQ, Pasta, Simmer",Organic Artichoke Pasta Sauce,$3.49
Trader Joes,"Dips, Sauces & Dressings",Dressing & Seasoning,Gochujang Paste,$1.99
Trader Joes,"Dips, Sauces & Dressings",Dressing & Seasoning,General Tsao Stir Fry Sauce,$2.99
Trader Joes,"Dips, Sauces & Dressings",Salsa & Hot Sauce,Corn and Chile Tomato-less Salsa,$2.99
Trader Joes,"Dips, Sauces & Dressings",Salsa & Hot Sauce,Homestyle Salsa Especial Mild,$2.99
Trader Joes,"Dips, Sauces & Dressings",Dip/Spread,Eggplant Garlic Spread,$2.99
Trader Joes,"Dips, Sauces & Dressings","BBQ, Pasta, Simmer",Thai Style Yellow Curry Sauce,$2.99
Trader Joes,"Dips, Sauces & Dressings",Dressing & Seasoning,"Vegan Kale, Cashew & Basil Pesto",$3.99
Trader Joes,"Dips, Sauces & Dressings","BBQ, Pasta, Simmer",Truffle Flavored BBQ Sauce,$3.49
Trader Joes,"Dips, Sauces & Dressings",Dressing & Seasoning,Chimichurri Sauce,$3.99
Trader Joes,"Dips, Sauces & Dressings",Dip/Spread,Organic Vegan Nacho Dip,$3.99
Trader Joes,"Dips, Sauces & Dressings",Dip/Spread,Vegan Buffalo Style Dip,$3.99
Trader Joes,"Dips, Sauces & Dressings",Salsa & Hot Sauce,Guajillo Salsa,$2.79
Trader Joes,"Dips, Sauces & Dressings","BBQ, Pasta, Simmer",Thai Style Red Curry Sauce,$2.99
Trader Joes,"Dips, Sauces & Dressings","BBQ, Pasta, Simmer",Fat Free Pizza Sauce,$1.99
Trader Joes,"Dips, Sauces & Dressings",Condiments,Incredisauce,$2.99
Trader Joes,"Dips, Sauces & Dressings",Dressing & Seasoning,Vegan Creamy Dill Dressing,$3.99
Trader Joes,"Dips, Sauces & Dressings",Dip/Spread,Organic Chunky Homestyle Guacamole,$4.49
Trader Joes,"Dips, Sauces & Dressings",Dip/Spread,Organic Hummus,$2.69
Trader Joes,"Dips, Sauces & Dressings",Dip/Spread,Mediterranean Style Hummus,$3.99
Trader Joes,"Dips, Sauces & Dressings",Dressing & Seasoning,Green Goddess Salad Dressing,$3.99
Trader Joes,"Dips, Sauces & Dressings","BBQ, Pasta, Simmer",Pesto Rosso,$2.49
Trader Joes,"Dips, Sauces & Dressings",Condiments,Crunchy Chili Onion,$4.29
Trader Joes,"Dips, Sauces & Dressings",Salsa & Hot Sauce,Peri Peri Sauce,$3.29
Trader Joes,"Dips, Sauces & Dressings",Condiments,Cranberry Sauce,$2.49
Trader Joes,"Dips, Sauces & Dressings",Dressing & Seasoning,Turkey Gravy,$1.49
Trader Joes,"Dips, Sauces & Dressings",Condiments,Whole Grain Dijon Mustard,$1.99
Trader Joes,"Dips, Sauces & Dressings",Condiments,Dijon Mustard,$1.69
Trader Joes,"Dips, Sauces & Dressings","BBQ, Pasta, Simmer",Pumpkin Alfredo Sauce,$3.49
Trader Joes,"Dips, Sauces & Dressings",Dip/Spread,Pumpkin Spice Hummus,$2.49
Trader Joes,"Dips, Sauces & Dressings","BBQ, Pasta, Simmer",Autumnal Harvest Creamy Pasta Sauce,$3.99
Trader Joes,"Dips, Sauces & Dressings","BBQ, Pasta, Simmer",Cacio E Pepe Pasta Sauce,$3.79
Trader Joes,"Dips, Sauces & Dressings",Condiments,Organic Ketchup,$1.99
Trader Joes,"Dips, Sauces & Dressings",Condiments,Organic Yellow Mustard,$1.69
Trader Joes,"Dips, Sauces & Dressings",Dip/Spread,Pimento Cheese Dip,$3.99
Trader Joes,"Dips, Sauces & Dressings",Dip/Spread,Everything And the Elote Greek Style Yogurt Dip,$3.49
Trader Joes,"Dips, Sauces & Dressings",Salsa & Hot Sauce,Salsa Autentica,$1.99
Trader Joes,"Dips, Sauces & Dressings","BBQ, Pasta, Simmer",Organic Sriracha & Roasted Garlic BBQ Sauce,$2.99
Trader Joes,"Dips, Sauces & Dressings",Condiments,Tomato Ketchup with Black Summer Truffle,$3.49
Trader Joes,"Dips, Sauces & Dressings",Dip/Spread,Vegan Caramelized Onion Dip,$4.29
Trader Joes,"Dips, Sauces & Dressings",Dip/Spread,Vegan Tzatziki Dip,$4.29
Trader Joes,"Dips, Sauces & Dressings","BBQ, Pasta, Simmer",Bolognese Style Tomato & Beef Pasta Sauce,$3.99
Trader Joes,"Dips, Sauces & Dressings","BBQ, Pasta, Simmer",Vegan Bolognese Style Pasta Sauce,$3.49
Trader Joes,"Dips, Sauces & Dressings",Condiments,Magnifisauce!,$3.49
Trader Joes,"Dips, Sauces & Dressings","BBQ, Pasta, Simmer",Spicy Chunky Tomato & Pepper Pasta Sauce,$3.49
Trader Joes,"Dips, Sauces & Dressings",Dip/Spread,Creamy Cauliflower Jalapeño Dip,$3.49
Trader Joes,"Dips, Sauces & Dressings",Dip/Spread,Buffalo Chicken Dip,$4.99
Trader Joes,"Dips, Sauces & Dressings",Salsa & Hot Sauce,Organic Thick & Chunky Salsa,$2.99
Trader Joes,"Dips, Sauces & Dressings",Dip/Spread,Zhoug Sauce,$2.99
Trader Joes,"Dips, Sauces & Dressings",Salsa & Hot Sauce,Extra Hot Habanero Ghost Pepper Salsa,$3.49
Trader Joes,"Dips, Sauces & Dressings",Dressing & Seasoning,Organic Coconut Aminos Seasoning Sauce,$2.99
Trader Joes,"Dips, Sauces & Dressings",Salsa & Hot Sauce,Organic Spicy Taco Sauce,$2.49
Trader Joes,"Dips, Sauces & Dressings","BBQ, Pasta, Simmer",Organic Kansas City Style BBQ Sauce,$2.99
Trader Joes,"Dips, Sauces & Dressings",Dressing & Seasoning,Organic Balsamic & Fig Dressing,$3.99
Trader Joes,"Dips, Sauces & Dressings",Dressing & Seasoning,Organic Toasted Sesame Dressing,$3.99
Trader Joes,"Dips, Sauces & Dressings",Dressing & Seasoning,Vegan Caesar Dressing,$3.99
Trader Joes,"Dips, Sauces & Dressings",Dip/Spread,Herbed Tahini Sauce,$2.99
Trader Joes,Fresh Prepared Foods,"Salads, Soups & Sides",Autumn Vegetable & White Bean Gratin,$5.99
Trader Joes,Fresh Prepared Foods,Entrées & Center of Plate,Organic Firm Tofu,$1.99
Trader Joes,Fresh Prepared Foods,Entrées & Center of Plate,Cornbread Stuffing,$5.99
Trader Joes,Fresh Prepared Foods,"Salads, Soups & Sides",White Bean Chicken Chili Soup,$4.99
Trader Joes,Fresh Prepared Foods,"Wraps, Burritos & Sandwiches",Roasted Turkey & Sweet Potato Burrito,$4.49
Trader Joes,Fresh Prepared Foods,Entrées & Center of Plate,Pumpkin Overnight Oats,$1.99
Trader Joes,Fresh Prepared Foods,Entrées & Center of Plate,Sriracha Flavored Baked Tofu,$3.99
Trader Joes,Fresh Prepared Foods,"Salads, Soups & Sides",Creamy Cauliflower Mash,$3.99
Trader Joes,Fresh Prepared Foods,"Salads, Soups & Sides",Dill-icious Chopped Salad Kit,$3.99
Trader Joes,Fresh Prepared Foods,Entrées & Center of Plate,"Egg Bites Cheese, Spinach & Kale",$2.99
Trader Joes,Fresh Prepared Foods,Entrées & Center of Plate,Egg Bites Cheddar Cheese & Uncured Bacon,$2.99
Trader Joes,Fresh Prepared Foods,"Salads, Soups & Sides",BBQ & Black Pepper Toscano Chopped Salad,$3.49
Trader Joes,Fresh Prepared Foods,Entrées & Center of Plate,Gluten Free Cheese Ravioli,$4.49
Trader Joes,Fresh Prepared Foods,"Salads, Soups & Sides",Lemon Chicken & Arugula Salad,$5.49
Trader Joes,Fresh Prepared Foods,"Wraps, Burritos & Sandwiches",Cheeseburger Burrito,$4.49
Trader Joes,Fresh Prepared Foods,Entrées & Center of Plate,Vegan Spinach & Cashew Ravioli,$3.99
Trader Joes,Fresh Prepared Foods,Entrées & Center of Plate,Organic Baked Tofu Teriyaki Flavor,$3.99
Trader Joes,Fresh Prepared Foods,Entrées & Center of Plate,Italian Style Turkey Meatloaf,$7.99
Trader Joes,Fresh Prepared Foods,"Wraps, Burritos & Sandwiches",Egg Wraps,$4.69
Trader Joes,Fresh Prepared Foods,Entrées & Center of Plate,Cacio e Pepe Ravioli,$3.99
Trader Joes,Fresh Prepared Foods,"Salads, Soups & Sides",Tomato Feta Soup,$3.99
Trader Joes,Fresh Prepared Foods,"Salads, Soups & Sides",Kettle Cooked Chicken Soup,$4.99
Trader Joes,Fresh Prepared Foods,Entrées & Center of Plate,Spinach Tortellini,$2.99
Trader Joes,Fresh Prepared Foods,Entrées & Center of Plate,Vanilla Overnight Oats,$1.99
Trader Joes,Fresh Prepared Foods,Entrées & Center of Plate,Almond Butter Chia Overnight Oats,$2.29
Trader Joes,Fresh Prepared Foods,"Salads, Soups & Sides",Greek Olive Medley,$3.99
Trader Joes,Fresh Prepared Foods,"Salads, Soups & Sides",Harvest Apple Salad Kit,$3.99
Trader Joes,Fresh Prepared Foods,Entrées & Center of Plate,Four Cheese Scalloped Potatoes,$5.99
Trader Joes,Fresh Prepared Foods,"Salads, Soups & Sides",Holiday Vegetable Hash,$4.99
Trader Joes,Fresh Prepared Foods,"Salads, Soups & Sides",Brussels Sprouts Sauté Kit,$4.69
Trader Joes,Fresh Prepared Foods,Entrées & Center of Plate,Honey Roasted Pumpkin Ravioli,$3.69
Trader Joes,Fresh Prepared Foods,"Salads, Soups & Sides",Pumpkin Butternut Squash Bisque,$3.99
Trader Joes,Fresh Prepared Foods,"Salads, Soups & Sides",Vegan Ranch Crunch Salad Kit,$3.49
Trader Joes,Fresh Prepared Foods,"Salads, Soups & Sides",Southwestern Chopped Salad Kit,$3.69
Trader Joes,Fresh Prepared Foods,Entrées & Center of Plate,Vegan Enchilada Casserole,$5.99
Trader Joes,Fresh Prepared Foods,Entrées & Center of Plate,Ricotta & Lemon Zest Ravioli,$3.69
Trader Joes,Fresh Prepared Foods,Entrées & Center of Plate,Cauliflower Pizza Crusts,$4.99
Trader Joes,Fresh Prepared Foods,"Salads, Soups & Sides",Lemony Arugula Basil Salad Kit,$3.99
Trader Joes,Fresh Prepared Foods,"Salads, Soups & Sides",Mediterranean Style Orzo Pasta Salad,$4.99
Trader Joes,Fresh Prepared Foods,"Salads, Soups & Sides","Tahini, Pepita & Apricot Slaw Kit",$3.99
Trader Joes,Fresh Prepared Foods,"Salads, Soups & Sides",Organic Caesar Salad Kit,$4.99
Trader Joes,Fresh Prepared Foods,"Salads, Soups & Sides",Organic Mediterranean Style Salad Kit,$3.99
Trader Joes,Fresh Prepared Foods,"Salads, Soups & Sides",Peanut Udon Noodle Salad,$4.99
Trader Joes,Fresh Prepared Foods,"Wraps, Burritos & Sandwiches",Chicken Sausage Breakfast Burrito,$4.49
Trader Joes,Fresh Prepared Foods,"Salads, Soups & Sides",Organic Hearty Minestrone Soup,$4.49
Trader Joes,Fresh Prepared Foods,"Salads, Soups & Sides",Unexpected Cheddar Broccoli Soup,$4.99
Trader Joes,From The Freezer,Entrées & Sides,Spanish Style Rice,$3.49
Trader Joes,From The Freezer,Entrées & Sides,Chicken Gyoza Potstickers,$3.79
Trader Joes,From The Freezer,Cool Desserts,Caramel Apple Mochi,$4.79
Trader Joes,From The Freezer,Entrées & Sides,Organic Super Sweet Cut Corn,$1.79
Trader Joes,From The Freezer,Entrées & Sides,Gluten Free Breaded Shrimp,$9.99
Trader Joes,From The Freezer,Cool Desserts,Salted Maple Ice Cream,$3.49
Trader Joes,From The Freezer,Cool Desserts,Pumpkin Sticky Toffee Cakes,$3.99
Trader Joes,From The Freezer,Entrées & Sides,Mini Chicken Tacos,$5.99
Trader Joes,From The Freezer,Entrées & Sides,Mini Beef Tacos,$5.99
Trader Joes,From The Freezer,Entrées & Sides,Gluten Free Pizza Crusts,$5.99
Trader Joes,From The Freezer,Entrées & Sides,Jamaican Style Beef Patties,$4.49
Trader Joes,From The Freezer,Entrées & Sides,Instant Boba Kit,$5.49
Trader Joes,From The Freezer,Entrées & Sides,Vegetable Biryani with Vegetable Dumplings,$2.99
Trader Joes,From The Freezer,Entrées & Sides,Gluten Free Uncured Pepperoni Pizza,$6.49
Trader Joes,From The Freezer,Cool Desserts,Mint Chip Ice Cream,$3.99
Trader Joes,From The Freezer,Entrées & Sides,Cheese & Green Chile Tamales,$3.79
Trader Joes,From The Freezer,Entrées & Sides,Sweet Potato Fries,$2.49
Trader Joes,From The Freezer,Entrées & Sides,Pizza Parlanno,$4.99
Trader Joes,From The Freezer,Entrées & Sides,Chicken Cilantro Mini Wontons,$3.49
Trader Joes,From The Freezer,Entrées & Sides,Layered Beef Tostada,$3.99
Trader Joes,From The Freezer,Cool Desserts,Coffee Bean Blast Ice Cream,$4.49
Trader Joes,From The Freezer,Entrées & Sides,Uncooked Ground Buffalo Burgers,$10.99
Trader Joes,From The Freezer,Entrées & Sides,Seasoned Waffle Cut Fries,$3.49
Trader Joes,From The Freezer,Entrées & Sides,Artichoke Timbales,$4.99
Trader Joes,From The Freezer,Entrées & Sides,Premium Salmon Burgers,$6.99
Trader Joes,From The Freezer,Cool Desserts,4 Cheese Pastry Rolls,$4.79
Trader Joes,From The Freezer,Entrées & Sides,Hatch Chile Mac & Cheese,$2.99
Trader Joes,From The Freezer,Cool Desserts,Thai Banana Fritters,$3.79
Trader Joes,From The Freezer,Cool Desserts,Gone Bananas!,$2.49
Trader Joes,From The Freezer,Entrées & Sides,Chickenless Crispy Tenders,$3.29
Trader Joes,From The Freezer,Entrées & Sides,Egg Frittata,$3.29
Trader Joes,From The Freezer,Entrées & Sides,Tteok Bok Ki,$3.99
Trader Joes,From The Freezer,Cool Desserts,Black Tea and Boba Coconut Non-Dairy Frozen Dessert,$4.49
Trader Joes,From The Freezer,Entrées & Sides,Battered Fish Nuggets,$5.99
Trader Joes,From The Freezer,Entrées & Sides,Vegetable Fried Rice,$2.99
Trader Joes,From The Freezer,Cool Desserts,Oat Non-Dairy Frozen Dessert Sandwiches,$3.69
Trader Joes,From The Freezer,Entrées & Sides,Apple Cinnamon Oatmeal Bites,$3.99
Trader Joes,From The Freezer,Cool Desserts,Chocolate Lava Cakes,$3.49
Trader Joes,From The Freezer,Entrées & Sides,Eggwich Breadless Breakfast Sandwich,$4.99
Trader Joes,From The Freezer,Entrées & Sides,Quinoa Cowboy Veggie Burgers,$3.69
Trader Joes,From The Freezer,Entrées & Sides,Black Bean & Cheese Taquitos,$3.99
Trader Joes,From The Freezer,Entrées & Sides,Impossible™ Chicken Nuggets,$6.49
Trader Joes,From The Freezer,Entrées & Sides,BBQ Teriyaki Chicken,$5.99
Trader Joes,From The Freezer,Cool Desserts,A Dozen Macarons variés,$5.49
Trader Joes,From The Freezer,Entrées & Sides,Southwest Style Chicken Quesadillas,$4.29
Trader Joes,From The Freezer,Cool Desserts,New York Deli Style Cheesecake,$7.49
Trader Joes,From The Freezer,Cool Desserts,All Butter Puff Pastry Sheets,$4.49
Trader Joes,From The Freezer,Entrées & Sides,Breaded Turkey-less Stuffed Roast,$12.99
Trader Joes,From The Freezer,Cool Desserts,Pie Crusts,$4.49
Trader Joes,From The Freezer,Entrées & Sides,Butternut Squash Mac & Cheese,$3.49
Trader Joes,From The Freezer,Appetizers,Mini Spicy Pumpkin Samosas,$3.99
Trader Joes,From The Freezer,Appetizers,Butternut Squash Mac & Cheese Bites,$3.99
Trader Joes,From The Freezer,Cool Desserts,Pumpkin Cheesecake,$7.99
Trader Joes,From The Freezer,Cool Desserts,Pumpkin Ice Cream,$4.49
Trader Joes,From The Freezer,Cool Desserts,Sweet Cinnamon Filled Korean Pancakes,$4.49
Trader Joes,From The Freezer,Entrées & Sides,Organic Veggie Bites,$3.69
Trader Joes,From The Freezer,Entrées & Sides,Italian Style Meatballs,$4.99
Trader Joes,From The Freezer,Cool Desserts,Sublime Ice Cream Sandwiches,$4.99
Trader Joes,From The Freezer,Entrées & Sides,Mandarin Orange Chicken,$4.99
Trader Joes,From The Freezer,Entrées & Sides,Joe's Diner Mac 'n Cheese,$2.99
Trader Joes,From The Freezer,Cool Desserts,Hold the Dairy! Vegan Chocolate Mini Cones,$3.99
Trader Joes,From The Freezer,Entrées & Sides,Turkey Burgers,$3.49
Trader Joes,From The Freezer,Cool Desserts,Lemon Bars,$4.99
Trader Joes,From The Freezer,Entrées & Sides,Mexican Style Roasted Corn,$3.29
Trader Joes,From The Freezer,Appetizers,Mini French Baguettes,$3.99
Trader Joes,From The Freezer,Appetizers,Tandoori Naan,$2.69
Trader Joes,From The Freezer,Appetizers,Spicy Thai Shrimp Fried Rice,$5.99
Trader Joes,From The Freezer,Entrées & Sides,Vegetable Pad Thai,$3.49
Trader Joes,From The Freezer,Appetizers,Greek Spanakopita,$4.49
Trader Joes,From The Freezer,Cool Desserts,Chocolate Chip Hold the Cone,$3.79
Trader Joes,From The Freezer,Cool Desserts,Vegan Cookies & Cream Vanilla Bean Bon Bons,$3.99
Trader Joes,From The Freezer,Entrées & Sides,Parmesan Pastry Pups,$4.99
Trader Joes,From The Freezer,Cool Desserts,Non-Dairy Frozen Dessert Chocolate Fudge Oat Bars,$3.49
Trader Joes,From The Freezer,Entrées & Sides,Vegan Pasta Bolognese Bowl,$3.49
Trader Joes,From The Freezer,Cool Desserts,Cold Brew Coffee & Boba Coconut Non-Dairy Dessert,$4.49
Trader Joes,From The Freezer,Appetizers,Breaded Fried Ravioli,$3.99
Trader Joes,From The Freezer,Entrées & Sides,Potato Pancakes,$3.29
Trader Joes,From The Freezer,Cool Desserts,Brownie Crisp Coffee Ice Cream Sandwiches,$3.99
Trader Joes,From The Freezer,Entrées & Sides,Mexican-Style Riced Cauliflower,$3.49
Trader Joes,From The Freezer,Appetizers,8 Mini Croissants,$4.99
Trader Joes,From The Freezer,Appetizers,Kibbeh,$4.99
Trader Joes,From The Freezer,Entrées & Sides,Cheese Filled Fiocchetti with Pink Sauce,$3.99
Trader Joes,From The Freezer,Entrées & Sides,Mashed Cauliflower,$2.99
Trader Joes,From The Freezer,Entrées & Sides,Riced Cauliflower Stir Fry,$3.49
Trader Joes,From The Freezer,Entrées & Sides,Gluten Free Cheese Pizza With A Cauliflower Crust,$4.99
Trader Joes,From The Freezer,Fruit & Vegetables,Organic Green Vegetable Foursome,$2.99
Trader Joes,From The Freezer,Entrées & Sides,Gluten Free Mac & Cheese,$3.69
Trader Joes,From The Freezer,Entrées & Sides,Chipotle Vegetable Quesadillas,$3.69
Trader Joes,From The Freezer,Entrées & Sides,Cauliflower Gnocchi,$2.99
Trader Joes,From The Freezer,Entrées & Sides,Chicken Burrito Bowl,$3.49
Trader Joes,From The Freezer,Entrées & Sides,Riced Cauliflower Bowl,$2.99
Trader Joes,From The Freezer,Entrées & Sides,Cauliflower Pancakes,$3.99
Trader Joes,From The Freezer,Entrées & Sides,Sriracha Shrimp Bowl,$3.49
Trader Joes,From The Freezer,Entrées & Sides,Chicken-less Mandarin Orange Morsels,$3.49
Trader Joes,From The Freezer,Cool Desserts,Strawberry Non-Dairy Oat Frozen Dessert,$3.99
Trader Joes,From The Freezer,Entrées & Sides,Outside-In Stuffed Gnocchi,$3.49
Trader Joes,From The Freezer,Entrées & Sides,Cuban Style Citrus Garlic Bowl,$3.49
Trader Joes,From The Freezer,Entrées & Sides,Mixed Mushroom & Spinach Quiche,$2.69
Trader Joes,From The Freezer,Entrées & Sides,Honey Walnut Shrimp,$6.99
Trader Joes,From The Freezer,Appetizers,Mini Vegetable Samosas,$3.79
Trader Joes,From The Freezer,Cool Desserts,Gone Berry Crazy!,$2.79
Trader Joes,From The Freezer,Entrées & Sides,Steamed Pork & Ginger Soup Dumplings,$3.49
Trader Joes,From The Freezer,Entrées & Sides,Organic Açai Bowl,$3.99
Trader Joes,Fresh Fruits & Veggies,Veggies,Organic Brussels Sprouts,$3.69
Trader Joes,Fresh Fruits & Veggies,Veggies,Shishito Peppers,$2.49
Trader Joes,Fresh Fruits & Veggies,Veggies,Shiitake Mushrooms,$3.69
Trader Joes,Fresh Fruits & Veggies,Veggies,Organic Carrots of Many Colors,$2.49
Trader Joes,Fresh Fruits & Veggies,Veggies,Green Onions,$1.49
Trader Joes,Fresh Fruits & Veggies,Veggies,Organic Mini Sweet Peppers,$3.99
Trader Joes,Fresh Fruits & Veggies,Veggies,Organic Baby Spinach & Spring Mix Blend,$2.29
Trader Joes,Fresh Fruits & Veggies,Veggies,Baby Cauliflower,$2.69
Trader Joes,Fresh Fruits & Veggies,Veggies,Riced Cauliflower,$2.69
Trader Joes,Fresh Fruits & Veggies,Veggies,Russet Potatoes,$0.79
Trader Joes,Fresh Fruits & Veggies,Veggies,Sugar Snap Peas,$2.99
Trader Joes,Fresh Fruits & Veggies,Veggies,Organic Red Bell Peppers,$3.99
Trader Joes,Fresh Fruits & Veggies,Veggies,Portabella Mushrooms,$3.29
Trader Joes,Fresh Fruits & Veggies,Veggies,Organic Baby Lettuce Mix,$2.49
Trader Joes,Fresh Fruits & Veggies,Veggies,Organic Arugula,$2.49
Trader Joes,Fresh Fruits & Veggies,Veggies,Super Sweet Fresh Corn,$4.99
Trader Joes,Fresh Fruits & Veggies,Veggies,Broccoli & Kale Slaw,$3.49
Trader Joes,Fresh Fruits & Veggies,Fruits,Pineapple,$2.99
Trader Joes,Fresh Fruits & Veggies,Fruits,Mangos,$1.49
Trader Joes,Fresh Fruits & Veggies,Veggies,Campari Tomatoes,$2.99
Trader Joes,Fresh Fruits & Veggies,Veggies,Organic Persian Cucumbers,$2.99
Trader Joes,Fresh Fruits & Veggies,Veggies,Organic Shredded Green & Red Cabbage with Carrots,$2.49
Trader Joes,Fresh Fruits & Veggies,Fruits,Organic Strawberries 2 Lb,$8.49
Trader Joes,Fresh Fruits & Veggies,Fruits,Organic Strawberries 1 Lb,$5.49
Trader Joes,Fresh Fruits & Veggies,Fruits,Strawberries 2 Lb,$7.99
Trader Joes,Fresh Fruits & Veggies,Fruits,Strawberries 1 Lb,$4.49
Trader Joes,Fresh Fruits & Veggies,Fruits,Organic Bananas,$0.25
Trader Joes,Fresh Fruits & Veggies,Veggies,Steamed Lentils,$3.29
Trader Joes,Fresh Fruits & Veggies,Veggies,Wild Arugula,$2.29
Trader Joes,Fresh Fruits & Veggies,Veggies,Organic Broccoli Slaw,$2.49
Trader Joes,Fresh Fruits & Veggies,Veggies,Organic Petite Potato Medley,$3.49
Trader Joes,Fresh Fruits & Veggies,Veggies,Ready Veggies,$2.99
Trader Joes,Fresh Fruits & Veggies,Veggies,Organic Shredded Kale,$3.69
Trader Joes,Fresh Fruits & Veggies,Veggies,Organic Gold Potatoes,$3.99
Trader Joes,Fresh Fruits & Veggies,Fruits,Bananas,$0.19
Trader Joes,Fresh Fruits & Veggies,Veggies,Baby Corn,$2.29
Trader Joes,Fresh Fruits & Veggies,Veggies,Les Petites Carrots of Many Colors,$4.49
Trader Joes,Fresh Fruits & Veggies,Veggies,Murasaki Sweet Potatoes,$4.99
Trader Joes,Fresh Fruits & Veggies,Fruits,Honeycrisp Apples,$1.29
Trader Joes,Fresh Fruits & Veggies,Fruits,Sweet Baby Thompson Seedless Grapes,$2.99
Trader Joes,Fresh Fruits & Veggies,Veggies,Shelled Edamame,$3.99
Trader Joes,Fresh Fruits & Veggies,Veggies,Sweet Mini Peppers,$3.49
Trader Joes,Fresh Fruits & Veggies,Fruits,Organic Kiwi,$3.99
Trader Joes,Fresh Fruits & Veggies,Fruits,Organic Pitted Medjool Dates,$5.99
Trader Joes,Fresh Fruits & Veggies,Veggies,Persian Cucumbers,$2.29
Trader Joes,Fresh Fruits & Veggies,Veggies,Jicama Wraps,$4.99
Trader Joes,Fresh Fruits & Veggies,Fruits,Teeny Tiny Avocados,$3.99
Trader Joes,"Meat, Seafood & Plant-based",Chicken & Turkey,All Natural Chicken Drumsticks,$1.99
Trader Joes,"Meat, Seafood & Plant-based","Beef, Pork & Lamb",Sliced Prosciutto,$3.99
Trader Joes,"Meat, Seafood & Plant-based",Chicken & Turkey,Shawarma Chicken Thighs,$6.49
Trader Joes,"Meat, Seafood & Plant-based","Beef, Pork & Lamb",Uncured Dry Rubbed Sliced Bacon,$5.99
Trader Joes,"Meat, Seafood & Plant-based",Plant-based Protein,Turkeyless Ground,$5.49
Trader Joes,"Meat, Seafood & Plant-based","Beef, Pork & Lamb",Hot Italian Sausage made with Pork,$6.49
Trader Joes,"Meat, Seafood & Plant-based","Beef, Pork & Lamb",Sweet Italian Sausage made with Pork,$6.49
Trader Joes,"Meat, Seafood & Plant-based",Chicken & Turkey,Unexpected Cheddar Chicken Sausage,$4.49
Trader Joes,"Meat, Seafood & Plant-based",Chicken & Turkey,Organic Chicken Nuggets,$4.99
Trader Joes,"Meat, Seafood & Plant-based",Fish & Seafood,BBQ Cut Fresh Atlantic Salmon Fillets,$9.99
Trader Joes,"Meat, Seafood & Plant-based","Beef, Pork & Lamb",Fully Cooked Pork Belly,$6.49
Trader Joes,"Meat, Seafood & Plant-based",Chicken & Turkey,Sweet Apple Chicken Sausage,$4.29
Trader Joes,"Meat, Seafood & Plant-based","Beef, Pork & Lamb",Ground Beef Patties 80/20,$6.49
Trader Joes,"Meat, Seafood & Plant-based",Chicken & Turkey,Pollo Asado Autentico,$7.99
Trader Joes,"Meat, Seafood & Plant-based",Chicken & Turkey,Organic Chicken Grill Pack,$3.49
Trader Joes,"Meat, Seafood & Plant-based",Chicken & Turkey,Spicy Jalapeño Chicken Sausage,$4.29
Trader Joes,"Meat, Seafood & Plant-based","Beef, Pork & Lamb",Balsamic Rosemary Beef Steak Tips,$11.99
Trader Joes,"Meat, Seafood & Plant-based",Fish & Seafood,Argentinian Red Shrimp with Ginger Garlic Butter,$7.99
Trader Joes,"Meat, Seafood & Plant-based",Chicken & Turkey,Buttermilk Brined Half Chicken,$4.99
Trader Joes,"Meat, Seafood & Plant-based","Beef, Pork & Lamb",Gyro Slices,$4.69
Trader Joes,"Meat, Seafood & Plant-based",Plant-based Protein,Organic 3 Grain Tempeh,$1.99
Trader Joes,"Meat, Seafood & Plant-based","Beef, Pork & Lamb",Fully Cooked Uncured Bavarian Bratwurst,$5.49
Trader Joes,"Meat, Seafood & Plant-based",Chicken & Turkey,All Natural Ground Chicken,$3.99
Trader Joes,"Meat, Seafood & Plant-based","Beef, Pork & Lamb",Sesame Teriyaki Beef Skirt Steak,$16.99
Trader Joes,"Meat, Seafood & Plant-based","Beef, Pork & Lamb",Uncured Apple Smoked Bacon,$6.49
Trader Joes,"Meat, Seafood & Plant-based","Beef, Pork & Lamb",Organic Ground Beef 85/15,$7.49
Trader Joes,"Meat, Seafood & Plant-based",Chicken & Turkey,Organic Free Range Boneless Skinless Chicken Breasts,$6.99
Trader Joes,"Meat, Seafood & Plant-based",Chicken & Turkey,All Natural Fully Cooked Maple Chicken Breakfast Sausage,$4.69
Trader Joes,"Meat, Seafood & Plant-based",Fish & Seafood,Wild Raw Argentinian Red Shrimp,$11.99
Trader Joes,"Meat, Seafood & Plant-based",Fish & Seafood,Everything But The Bagel Seasoned Smoked Salmon,$5.99
Trader Joes,"Meat, Seafood & Plant-based",Chicken & Turkey,Spatchcocked Lemon Rosemary Chicken,$5.49
Trader Joes,"Meat, Seafood & Plant-based","Beef, Pork & Lamb",Spicy Uncured Charcuterie Collection,$8.99
Trader Joes,"Meat, Seafood & Plant-based","Beef, Pork & Lamb",Uncured Black Forest Ham,$4.69
Trader Joes,"Meat, Seafood & Plant-based",Chicken & Turkey,Organic Free Range Chicken Drumsticks,$2.99
Trader Joes,"Meat, Seafood & Plant-based","Beef, Pork & Lamb",Choice Premium Angus Beef Flank Steak,$14.99
Trader Joes,"Meat, Seafood & Plant-based","Beef, Pork & Lamb",Organic Grass-Fed Uncured Beef Hot Dogs,$6.99
Trader Joes,"Meat, Seafood & Plant-based","Beef, Pork & Lamb",Carne Asada Autentica,$9.99
Trader Joes,"Meat, Seafood & Plant-based","Beef, Pork & Lamb",Organic Ground Beef Patties 85/15,$8.99
Trader Joes,"Meat, Seafood & Plant-based",Chicken & Turkey,All Natural Bone-In Skin-On Chicken Thighs,$1.99
Trader Joes,"Meat, Seafood & Plant-based",Chicken & Turkey,Organic Sweet Italian Chicken Sausage,$6.99
Trader Joes,"Meat, Seafood & Plant-based",Chicken & Turkey,Organic Oven Roasted Turkey Breast,$5.49
Trader Joes,"Meat, Seafood & Plant-based","Beef, Pork & Lamb",No Sugar Dry Rubbed Uncured Bacon,$4.99
Trader Joes,"Meat, Seafood & Plant-based",Plant-based Protein,Soy Chorizo,$2.49
Trader Joes,"Meat, Seafood & Plant-based","Beef, Pork & Lamb",Salame di Parma Mild Salami,$5.99
Trader Joes,For the Pantry,"Packaged Fish, Meat, Fruit & Veg","Solid White Albacore Tuna, No Salt Added",$1.99
Trader Joes,For the Pantry,"Packaged Fish, Meat, Fruit & Veg","Solid White Albacore Tuna, Salt Added",$1.99
Trader Joes,For the Pantry,Cereals,Joe's Joe-Joe's Granola Cookies & Creme,$3.69
Trader Joes,For the Pantry,Pastas & Grains,Gnocchi,$1.99
Trader Joes,For the Pantry,Spices,Herbes de Provence,$4.99
Trader Joes,For the Pantry,Spices,Sea Salt Crystals,$1.99
Trader Joes,For the Pantry,For Baking & Cooking,Organic Bread Crumbs,$2.99
Trader Joes,For the Pantry,Oils & Vinegars,Rice Vinegar,$2.29
Trader Joes,For the Pantry,"Honeys, Syrups & Nectars",Multi-Floral & Clover Honey,$3.99
Trader Joes,For the Pantry,Oils & Vinegars,Organic Toasted Sesame Oil,$2.99
Trader Joes,For the Pantry,Oils & Vinegars,Organic Raw Pumpkin Vinegar,$1.99
Trader Joes,For the Pantry,Oils & Vinegars,Imported Olive Oil Packed in Italy,$5.99
Trader Joes,For the Pantry,Cereals,Honey O's Cereal,$2.29
Trader Joes,For the Pantry,Cereals,Joe's O's Cereal,$1.99
Trader Joes,For the Pantry,Cereals,Just The Clusters Maple Pecan Granola Cereal,$3.29
Trader Joes,For the Pantry,Pastas & Grains,Organic Italian Cascatelli Pasta,$2.99
Trader Joes,For the Pantry,"Packaged Fish, Meat, Fruit & Veg",Organic Pineapple Chunks,$3.99
Trader Joes,For the Pantry,Nut Butters & Fruit Spreads,Lemon Curd,$3.49
Trader Joes,For the Pantry,"Packaged Fish, Meat, Fruit & Veg",Hot & Sweet Jalapeños,$2.99
Trader Joes,For the Pantry,Cereals,Strawberry Yogurt O's,$3.79
Trader Joes,For the Pantry,Spices,Chile Lime Seasoning Blend,$1.99
Trader Joes,For the Pantry,"Soup, Chili & Meals",Organic Vegetarian Chili,$2.49
Trader Joes,For the Pantry,For Baking & Cooking,Yellow Cake & Baking Mix,$2.99
Trader Joes,For the Pantry,Cereals,Crispy Rice Cereal,$2.49
Trader Joes,For the Pantry,Oils & Vinegars,Organic Red Wine Vinegar,$1.99
Trader Joes,For the Pantry,Spices,Ranch Seasoning Blend,$2.99
Trader Joes,For the Pantry,Spices,Taco Seasoning Mix,$0.99
Trader Joes,For the Pantry,"Packaged Fish, Meat, Fruit & Veg",Organic Tomato Paste,$0.99
Trader Joes,For the Pantry,"Packaged Fish, Meat, Fruit & Veg",Organic Kidney Beans,$0.99
Trader Joes,For the Pantry,"Packaged Fish, Meat, Fruit & Veg",Organic Diced & Fire Roasted Tomatoes with Green Chiles,$1.69
Trader Joes,For the Pantry,For Baking & Cooking,Blueberry Muffin Mix,$4.49
Trader Joes,For the Pantry,"Packaged Fish, Meat, Fruit & Veg",Jumbo Pitted Greek Kalamata Olives,$2.99
Trader Joes,For the Pantry,Oils & Vinegars,Organic Balsamic Vinegar,$5.99
Trader Joes,For the Pantry,Cereals,Cocoa & Sea Salt Instant Oatmeal,$2.99
Trader Joes,For the Pantry,"Soup, Chili & Meals",Organic Tomato & Roasted Red Pepper Soup,$3.49
Trader Joes,For the Pantry,Nut Butters & Fruit Spreads,Creamy Salted Peanut Butter,$2.29
Trader Joes,For the Pantry,"Packaged Fish, Meat, Fruit & Veg",Marinated Artichokes On The Go,$1.29
Trader Joes,For the Pantry,"Honeys, Syrups & Nectars",Organic Date Syrup,$3.49
Trader Joes,For the Pantry,Pastas & Grains,Organic Fusilli Corti Bucati Pasta,$1.99
Trader Joes,For the Pantry,Pastas & Grains,Organic Papperdelle Pasta Nests,$3.49
Trader Joes,For the Pantry,"Soup, Chili & Meals",Kitchari,$2.49
Trader Joes,For the Pantry,Cereals,Organic Shelled Hemp Seeds,$5.99
Trader Joes,For the Pantry,"Soup, Chili & Meals",Organic Lentil Vegetable Soup,$1.99
Trader Joes,For the Pantry,"Packaged Fish, Meat, Fruit & Veg",Organic Garbanzo Beans,$0.99
Trader Joes,For the Pantry,Cereals,Rolled Oats,$3.99
Trader Joes,For the Pantry,Cereals,Gluten Free Organic Rolled Oats with Ancient Grains & Seeds,$4.49
Trader Joes,For the Pantry,Cereals,Gluten Free Granola Loaded Fruit & Nut,$3.99
Trader Joes,For the Pantry,Pastas & Grains,Organic White Quinoa,$3.99
Trader Joes,For the Pantry,"Soup, Chili & Meals",Organic Split Pea Soup,$1.99
Trader Joes,For the Pantry,Pastas & Grains,Italian Fusilli,$0.99
Trader Joes,For the Pantry,"Packaged Fish, Meat, Fruit & Veg",Spanish Manzanilla Olives with Pimento Paste,$2.49
Trader Joes,For the Pantry,Spices,Green & Red Hatch Chile Flakes,$3.99
Trader Joes,For the Pantry,For Baking & Cooking,Semi-Sweet Chocolate Chips,$2.49
Trader Joes,For the Pantry,Spices,Ground Fermented Black Garlic,$2.99
Trader Joes,For the Pantry,For Baking & Cooking,Gluten Free Stuffing Mix,$5.99
Trader Joes,For the Pantry,For Baking & Cooking,Cornbread Stuffing Mix,$4.49
Trader Joes,For the Pantry,"Soup, Chili & Meals",Condensed Cream of Portabella Mushroom Soup,$1.99
Trader Joes,For the Pantry,For Baking & Cooking,Mini Marshmallows,$2.99
Trader Joes,For the Pantry,"Honeys, Syrups & Nectars",Fleur de Sel Caramel Sauce,$3.79
Trader Joes,For the Pantry,Pastas & Grains,Organic Tricolor Spaghetti,$2.49
Trader Joes,For the Pantry,"Soup, Chili & Meals",Turkey Stock,$2.49
Trader Joes,For the Pantry,For Baking & Cooking,Gourmet Fried Onion Pieces,$2.99
Trader Joes,For the Pantry,Spices,Everything But The Leftovers Seasoning Blend,$2.99
Trader Joes,For the Pantry,Spices,Ajika Georgian Seasoning Blend,$1.99
Trader Joes,For the Pantry,Pastas & Grains,Italian Capellini,$0.99
Trader Joes,For the Pantry,Pastas & Grains,Italian Linguine,$0.99
Trader Joes,For the Pantry,Pastas & Grains,Spaghetti,$0.99
Trader Joes,For the Pantry,Pastas & Grains,Italian Farfalle,$0.99
Trader Joes,For the Pantry,Pastas & Grains,Italian Penne Rigate,$0.99
Trader Joes,For the Pantry,Pastas & Grains,Hearts of Palm Pasta,$3.49
Trader Joes,For the Pantry,Spices,Cheesy Seasoning Blend,$2.99
Trader Joes,For the Pantry,Spices,Green Goddess Seasoning Blend,$2.49
Trader Joes,For the Pantry,Oils & Vinegars,Chili Sesame Oil,$2.69
Trader Joes,For the Pantry,"Packaged Fish, Meat, Fruit & Veg",Kalamata Olives with Jalapeños & Peri Peri Peppers,$2.49
Trader Joes,For the Pantry,For Baking & Cooking,White Chocolate Baking Chips,$2.99
Trader Joes,For the Pantry,For Baking & Cooking,Caramel Sea Salt Baking Chips,$2.99
Trader Joes,For the Pantry,"Honeys, Syrups & Nectars",Organic Bourbon Barrel Aged Vermont Maple Syrup,$9.99
Trader Joes,For the Pantry,"Soup, Chili & Meals",Pumpkin Bisque,$3.99
Trader Joes,For the Pantry,For Baking & Cooking,Organic Vanilla Bean Paste,$4.99
Trader Joes,For the Pantry,For Baking & Cooking,Gluten Free Pumpkin Bread & Muffin Baking Mix,$3.99
Trader Joes,For the Pantry,For Baking & Cooking,Pumpkin Bread & Muffin Mix,$2.99
Trader Joes,For the Pantry,Nut Butters & Fruit Spreads,Pumpkin Spread,$2.99
Trader Joes,For the Pantry,Cereals,Maple Pecan Clusters Cereal,$4.49
Trader Joes,For the Pantry,Spices,Everything But The Bagel Sesame Seasoning Blend,$1.99
Trader Joes,For the Pantry,"Packaged Fish, Meat, Fruit & Veg",Organic Black Beans,$0.99
Trader Joes,For the Pantry,Cereals,Oven Toasted Old Fashioned Organic Oats,$2.99
Trader Joes,For the Pantry,"Honeys, Syrups & Nectars",Organic Spicy Honey Sauce,$2.69
Trader Joes,For the Pantry,"Soup, Chili & Meals",Madras Lentils,$2.49
Trader Joes,For the Pantry,Oils & Vinegars,Sicilian Selezione Extra Virgin Olive Oil,$7.99
Trader Joes,For the Pantry,"Packaged Fish, Meat, Fruit & Veg",Quinoa Stuffed Dolmas,$2.99
Trader Joes,For the Pantry,"Packaged Fish, Meat, Fruit & Veg",Giant Baked Beans in Tomato Sauce,$1.99
Trader Joes,For the Pantry,Pastas & Grains,Organic Basmati Rice,$4.49
Trader Joes,For the Pantry,Pastas & Grains,Organic Italian Artisan Gigli Pasta,$2.99
Trader Joes,For the Pantry,"Soup, Chili & Meals",Tikka Vegetables,$2.49
Trader Joes,For the Pantry,"Packaged Fish, Meat, Fruit & Veg",Giant Chalkidiki Olives,$2.49
Trader Joes,For the Pantry,"Soup, Chili & Meals",Yellow Tadka Dal,$2.49
Trader Joes,For the Pantry,For Baking & Cooking,Banana Bread Mix,$2.69
Trader Joes,For the Pantry,Nut Butters & Fruit Spreads,Everything But the Bagel Nut Duo,$3.99
Trader Joes,For the Pantry,Cereals,Grainless Granola,$3.99
Trader Joes,For the Pantry,For Baking & Cooking,Organic Unbleached All-Purpose Flour,$4.49
Trader Joes,For the Pantry,"Honeys, Syrups & Nectars",Creamed Multi-Floral New Zealand Honey,$3.99
Trader Joes,For the Pantry,Cereals,Almond Butter Puffs Cereal,$3.49
Trader Joes,For the Pantry,Spices,TJ's Mushroom & Company Multipurpose Umami Seasoning Blend,$2.99
Trader Joes,For the Pantry,"Soup, Chili & Meals",Garden Vegetable Soup,$3.99
Trader Joes,For the Pantry,"Packaged Fish, Meat, Fruit & Veg",Wild Skipjack Tuna,$1.79
Trader Joes,For the Pantry,Spices,Onion Salt,$1.99
Trader Joes,For the Pantry,Cereals,Crunchy Cinnamon Squares,$2.99
Trader Joes,For the Pantry,Spices,Smoked Paprika,$2.49
Trader Joes,For the Pantry,Cereals,Peanut Butter Protein Granola,$3.99
Trader Joes,For the Pantry,For Baking & Cooking,Organic Stone Ground Yellow Corn Taco Shells,$2.49
Trader Joes,For the Pantry,Spices,Everything But The Elote Seasoning Blend,$1.99
Trader Joes,For the Pantry,Spices,Cuban Style Citrusy Garlic Seasoning Blend,$1.99
Trader Joes,For the Pantry,For Baking & Cooking,Falafel Mix,$3.29
Trader Joes,For the Pantry,Oils & Vinegars,Avocado Spray Oil,$3.49
Trader Joes,For the Pantry,Spices,Nori Komi Furikake Japanese Multi-Purpose Seasoning,$2.49
Trader Joes,For the Pantry,Pastas & Grains,Organic Yellow Lentil & Brown Rice Spaghetti,$3.29
Trader Joes,Snacks & Sweets,Candies & Cookies,Semi-Sweet Chocolate Chunks,$1.99
Trader Joes,Snacks & Sweets,Candies & Cookies,Caramel Apple Dipping Kit,$6.99
Trader Joes,Snacks & Sweets,"Chips, Crackers & Crunchy Bites",Pretzel Slims,$2.29
Trader Joes,Snacks & Sweets,"Chips, Crackers & Crunchy Bites",Salsa Verde Flavored Corn Tortilla Chips,$2.99
Trader Joes,Snacks & Sweets,"Nuts, Dried Fruits, Seeds",Crunchy Chili Onion Peanuts,$2.99
Trader Joes,Snacks & Sweets,Candies & Cookies,Mini Chocolate Chip Cookies,$0.99
Trader Joes,Snacks & Sweets,"Chips, Crackers & Crunchy Bites",Oven-Baked Cheese Bites,$2.99
Trader Joes,Snacks & Sweets,"Nuts, Dried Fruits, Seeds",Dry Roasted & Salted Pistachios,$6.99
Trader Joes,Snacks & Sweets,Candies & Cookies,Organic Dark Chocolate Bar with Almonds,$1.99
Trader Joes,Snacks & Sweets,Candies & Cookies,Organic Dark Chocolate Bar 73% Cacao,$1.99
Trader Joes,Snacks & Sweets,Candies & Cookies,Organic Milk Chocolate Truffle Bar,$1.99
Trader Joes,Snacks & Sweets,Candies & Cookies,Cashew Butter Cashews,$4.99
Trader Joes,Snacks & Sweets,"Nuts, Dried Fruits, Seeds",Buffalo Style Seasoned Almonds,$3.99
Trader Joes,Snacks & Sweets,"Chips, Crackers & Crunchy Bites",Peanut Butter Caramel Coated Popcorn,$3.49
Trader Joes,Snacks & Sweets,Candies & Cookies,Crispy Crunchy Peanut Butter Cookies,$4.49
Trader Joes,Snacks & Sweets,"Chips, Crackers & Crunchy Bites",Fancy Cheese Crunchies,$3.49
Trader Joes,Snacks & Sweets,"Chips, Crackers & Crunchy Bites",Organic Elote Corn Chip Dippers,$2.69
Trader Joes,Snacks & Sweets,"Bars, Jerky &… Surprises",Organic Apple Banana Fruit Sauce Crushers,$2.69
Trader Joes,Snacks & Sweets,Candies & Cookies,Oat Chocolate Bars,$2.99
Trader Joes,Snacks & Sweets,"Chips, Crackers & Crunchy Bites",Everything but the Bagel Seasoned Crackers,$2.99
Trader Joes,Snacks & Sweets,"Chips, Crackers & Crunchy Bites",Sour Cream & Onion Flavored Rings,$1.99
Trader Joes,Snacks & Sweets,"Nuts, Dried Fruits, Seeds",50% Less Salt Roasted & Salted Peanuts,$2.99
Trader Joes,Snacks & Sweets,Candies & Cookies,Cinna-Dragons Gummy Candy,$2.29
Trader Joes,Snacks & Sweets,"Chips, Crackers & Crunchy Bites",Rosemary Croissant Croutons,$3.99
Trader Joes,Snacks & Sweets,"Nuts, Dried Fruits, Seeds",Freeze Dried Strawberries,$2.99
Trader Joes,Snacks & Sweets,Candies & Cookies,Dark Chocolate Almond Butter Pretzel Nuggets,$3.49
Trader Joes,Snacks & Sweets,Candies & Cookies,Dark Chocolate Bamba Snacks,$2.99
Trader Joes,Snacks & Sweets,Candies & Cookies,Premium Milk & Dark Chocolate Covered Almonds,$5.99
Trader Joes,Snacks & Sweets,Candies & Cookies,Cocoa Truffles,$2.99
Trader Joes,Snacks & Sweets,"Chips, Crackers & Crunchy Bites",Honey Wheat Pretzel Sticks,$2.29
Trader Joes,Snacks & Sweets,"Chips, Crackers & Crunchy Bites",Almond Butter Filled Pretzel Nuggets,$4.49
Trader Joes,Snacks & Sweets,"Nuts, Dried Fruits, Seeds",Unsalted Dry Toasted Slivered Almonds,$3.99
Trader Joes,Snacks & Sweets,"Chips, Crackers & Crunchy Bites",Organic Cacio e Pepe Puffs,$1.99
Trader Joes,Snacks & Sweets,Candies & Cookies,Cinnamon Graham Crackers,$3.99
Trader Joes,Snacks & Sweets,"Nuts, Dried Fruits, Seeds",Candied Pecans,$4.49
Trader Joes,Snacks & Sweets,"Nuts, Dried Fruits, Seeds",Organic Dried & Pitted Deglet Noor Dates,$2.99
Trader Joes,Snacks & Sweets,"Chips, Crackers & Crunchy Bites",Organic Naan Crackers,$3.29
Trader Joes,Snacks & Sweets,Candies & Cookies,Sour Jelly Beans,$2.29
Trader Joes,Snacks & Sweets,"Chips, Crackers & Crunchy Bites",Bamba with Hazelnut Creme Filling,$1.69
Trader Joes,Snacks & Sweets,Candies & Cookies,Double Chocolate Hot Cocoa Stirring Spoon,$0.99
Trader Joes,Snacks & Sweets,"Bars, Jerky &… Surprises",Maple & Sea Salt Kettle Corn,$2.49
Trader Joes,Snacks & Sweets,"Nuts, Dried Fruits, Seeds",Dry Roasted Maple Almonds,$5.99
Trader Joes,Snacks & Sweets,Candies & Cookies,Spooky Bats & Cats Sour Gummy Candies,$3.49
Trader Joes,Snacks & Sweets,"Chips, Crackers & Crunchy Bites",Rosemary Sfogliette Crackers,$1.69
Trader Joes,Snacks & Sweets,Candies & Cookies,Crispy Peanut Butter Filled Milk Choc Peanuts,$2.69
Trader Joes,Snacks & Sweets,Candies & Cookies,Dark Chocolate Peanut Butter Cups,$4.49
Trader Joes,Snacks & Sweets,"Chips, Crackers & Crunchy Bites",Organic Corn Chip Dippers,$2.49
Trader Joes,Snacks & Sweets,"Chips, Crackers & Crunchy Bites",Peanut Butter Filled Pretzel Nuggets,$2.49
Trader Joes,Snacks & Sweets,"Chips, Crackers & Crunchy Bites",Fig & Olive Crisps,$3.99
Trader Joes,Snacks & Sweets,"Chips, Crackers & Crunchy Bites",Crisp Crunchy Crisps,$2.29
Trader Joes,Snacks & Sweets,Candies & Cookies,Chocolate & Peanut Butter Joe-Joe's,$2.99
Trader Joes,Snacks & Sweets,"Nuts, Dried Fruits, Seeds",Raw Almonds,$4.99
Trader Joes,Snacks & Sweets,Candies & Cookies,Fig Cookies,$1.99
Trader Joes,Snacks & Sweets,Candies & Cookies,Candy Coated Chocolates,$2.69
Trader Joes,Snacks & Sweets,Candies & Cookies,Belgian Butter Waffle Cookies,$2.99
Trader Joes,Snacks & Sweets,"Chips, Crackers & Crunchy Bites",Spicy Porkless Plant-Based Snack Rinds,$2.99
Trader Joes,Snacks & Sweets,"Nuts, Dried Fruits, Seeds",Thai Lime & Chili Cashews,$7.99
Trader Joes,Snacks & Sweets,Candies & Cookies,Organic Sugar Cones,$2.69
Trader Joes,Snacks & Sweets,"Chips, Crackers & Crunchy Bites",Chips in a Pickle,$2.49
Trader Joes,Snacks & Sweets,"Chips, Crackers & Crunchy Bites",Crispy Jalapeño Pieces,$2.99
Trader Joes,Snacks & Sweets,"Chips, Crackers & Crunchy Bites",Bamba Peanut Snacks,$1.29
Trader Joes,Snacks & Sweets,Candies & Cookies,Soft Black Licorice Twists,$2.49
Trader Joes,Snacks & Sweets,Candies & Cookies,Soft Strawberry Licorice Twists,$2.49
Trader Joes,Snacks & Sweets,Candies & Cookies,Five Seed Almond Bars,$4.49
Trader Joes,Snacks & Sweets,"Chips, Crackers & Crunchy Bites",Spicy Chakri Mix,$3.29
Trader Joes,Snacks & Sweets,"Nuts, Dried Fruits, Seeds",Chile Spiced Pineapple,$3.99
Trader Joes,Snacks & Sweets,"Chips, Crackers & Crunchy Bites",Cauliflower Crisps,$2.99
Trader Joes,Snacks & Sweets,Candies & Cookies,Chocolate Covered Wafer Cookie,$0.99
Trader Joes,Snacks & Sweets,Candies & Cookies,PB & J Snack Duo,$3.99
Trader Joes,Snacks & Sweets,"Chips, Crackers & Crunchy Bites",Trail Mix Crackers,$2.49
Trader Joes,Snacks & Sweets,"Nuts, Dried Fruits, Seeds",Garlic & Onion Pistachios,$6.99
Trader Joes,Snacks & Sweets,"Bars, Jerky &… Surprises",Chewy Chocolate & Peanut Butter Protein Bars,$3.49
Trader Joes,Snacks & Sweets,Candies & Cookies,Dark Chocolate Sunflower Seed Butter Cups,$0.99
Trader Joes,Snacks & Sweets,"Chips, Crackers & Crunchy Bites",Jerk-Style Plantain Chips,$1.99
Trader Joes,Snacks & Sweets,"Chips, Crackers & Crunchy Bites",Sea Salted Saddle Potato Crisps,$1.69
Trader Joes,Snacks & Sweets,"Chips, Crackers & Crunchy Bites",Plantain Crisps,$2.49
Trader Joes,Snacks & Sweets,"Bars, Jerky &… Surprises",ABC Bars,$3.49
Trader Joes,Snacks & Sweets,"Chips, Crackers & Crunchy Bites",World's Puffiest White Cheddar Corn Puffs,$2.49
Trader Joes,Snacks & Sweets,"Nuts, Dried Fruits, Seeds",Just a Handful of Rainbow's End Trail Mix,$4.99
Trader Joes,Snacks & Sweets,Candies & Cookies,Dark Chocolate Drizzled Plantain Chips,$2.99
Trader Joes,Snacks & Sweets,"Chips, Crackers & Crunchy Bites",Gluten Free Norwegian Crispbread,$4.29
Trader Joes,Snacks & Sweets,"Nuts, Dried Fruits, Seeds",Olive & Herbs Mixed Nuts,$4.99
Trader Joes,Snacks & Sweets,Candies & Cookies,Dark Chocolate Orange Sticks,$3.49
Trader Joes,Snacks & Sweets,"Chips, Crackers & Crunchy Bites",Everything But The Bagel Seasoned Potato Chips,$2.49
Trader Joes,Snacks & Sweets,Candies & Cookies,Dark Chocolate Cookie Sticks,$1.99
Trader Joes,Snacks & Sweets,"Chips, Crackers & Crunchy Bites",Plantain Chips,$1.99
Trader Joes,Snacks & Sweets,Candies & Cookies,85% Dark Chocolate Bar from Uganda,$1.69
Trader Joes,Snacks & Sweets,"Nuts, Dried Fruits, Seeds",Chile & Garlic Cashews,$3.99
Trader Joes,Beverages,Coffee & Tea,Salted Caramel Hot Cocoa,$5.49
Trader Joes,Beverages,Coffee & Tea,Harvest Blend Herbal Tea,$2.49
Trader Joes,Beverages,"Wine, Beer & Liquor",Grand Reserve Pinot Noir Napa Valley 2020,$12.99
Trader Joes,Beverages,Non-Dairy Bev,Non-Dairy Oat Beverage Maple Flavor,$2.99
Trader Joes,Beverages,Juices & More,To the Power of C Organic Juice Blend,$4.29
Trader Joes,Beverages,Juices & More,Vanilla Almond Spiced Chai Protein Smoothie,$2.99
Trader Joes,Beverages,"Wine, Beer & Liquor",Reserve Chardonnay Santa Lucia Highlands 2020 Lot #231,$9.99
Trader Joes,Beverages,"Wine, Beer & Liquor",Espiral Vinho Verde,$4.49
Trader Joes,Beverages,Coffee & Tea,French Roast Coffee,$14.99
Trader Joes,Beverages,Coffee & Tea,Colombia Supremo Coffee,$14.99
Trader Joes,Beverages,Juices & More,Mango 100% Juice Smoothie,$2.99
Trader Joes,Beverages,"Wine, Beer & Liquor","Reserve Pinot Noir Sta. Rita Hills 2020, Lot #229",$9.99
Trader Joes,Beverages,Juices & More,Sparkling Pineapple Juice,$3.99
Trader Joes,Beverages,"Wine, Beer & Liquor",Simpler Times Lager 12pk,$7.49
Trader Joes,Beverages,Sodas & Mixers,Sparkling White Tea with Pomegranate Juice,$3.99
Trader Joes,Beverages,Non-Dairy Bev,Non-Dairy Oat Creamer Brown Sugar Flavor,$1.99
Trader Joes,Beverages,Juices & More,Organic Lemonade,$3.29
Trader Joes,Beverages,Juices & More,Organic Coconut Smoothie,$2.29
Trader Joes,Beverages,"Wine, Beer & Liquor",Josephsbrau Bavarian Style Hefeweizen,$6.99
Trader Joes,Beverages,Sodas & Mixers,Brewed Ginger Beer,$3.99
Trader Joes,Beverages,Juices & More,Banana & Almond Butter Protein Smoothie,$2.99
Trader Joes,Beverages,Juices & More,Organic Low Calorie Pink Lemonade,$3.29
Trader Joes,Beverages,Juices & More,Organic Low Calorie Lemonade,$3.29
Trader Joes,Beverages,"Wine, Beer & Liquor",Maison Barboulot Cabernet Syrah,$6.49
Trader Joes,Beverages,"Wine, Beer & Liquor",Giardino Pinot Grigio Rosé Vivace,$4.99
Trader Joes,Beverages,"Wine, Beer & Liquor",Reserve Merlot Sonoma Valley 2020,$9.99
Trader Joes,Beverages,Juices & More,Organic No Joke Ginger Juice Shot,$1.99
Trader Joes,Beverages,Juices & More,Organic Mighty Turmeric Juice Shot,$1.99
Trader Joes,Beverages,Coffee & Tea,Organic Moroccan Mint Green Tea,$2.79
Trader Joes,Beverages,Coffee & Tea,Organic Ginger Turmeric Herbal Tea,$2.79
Trader Joes,Beverages,Coffee & Tea,Organic Joe Medium Roast Ground Coffee,$6.49
Trader Joes,Beverages,"Wine, Beer & Liquor",Boatswain Hazy IPA,$4.99
Trader Joes,Beverages,Non-Dairy Bev,Organic Unsweetened Almond Beverage,$1.99
Trader Joes,Beverages,Coffee & Tea,Maple Espresso Black Tea Blend,$2.99
Trader Joes,Beverages,Coffee & Tea,Italian Roast Ground Espresso,$7.99
Trader Joes,Beverages,Non-Dairy Bev,Non-Dairy Pumpkin Oat Beverage,$2.69
Trader Joes,Beverages,Coffee & Tea,Pumpkin Spice Coffee,$8.99
Trader Joes,Beverages,Coffee & Tea,Pumpkin Spice Coffee Cups,$5.29
Trader Joes,Beverages,Juices & More,Apple Cider,$4.49
Trader Joes,Beverages,Coffee & Tea,Cold Brew Coffee Concentrate,$8.99
Trader Joes,Beverages,"Wine, Beer & Liquor",Lovely You Chardonnay,$7.99
Trader Joes,Beverages,"Wine, Beer & Liquor",Lovely You Rosé,$7.99
Trader Joes,Beverages,Sodas & Mixers,Sparkling Green Tea with Pineapple,$3.99
Trader Joes,Beverages,Juices & More,Organic Orange Strawberry Banana Juice,$4.29
Trader Joes,Beverages,"Wine, Beer & Liquor",Boatswain Double I.P.A.,$4.99
Trader Joes,Beverages,Water (Sparkling & Still),Blueberry Lemonade Sparkling Water,$3.29
Trader Joes,Beverages,Coffee & Tea,Organic Fair Trade Wake Up Blend Ground Coffee,$8.49
Trader Joes,Beverages,Coffee & Tea,Organic Fair Trade Wake Up Blend Coffee,$16.99
Trader Joes,Beverages,Coffee & Tea,Matcha Green Tea Powder,$7.49
Trader Joes,Beverages,Juices & More,Cold Pressed Pineapple Juice,$2.99
Trader Joes,Beverages,Juices & More,Fresh Squeezed Limeade,$2.49
Trader Joes,Beverages,Non-Dairy Bev,Non-Dairy Oat Beverage,$3.99
Trader Joes,Beverages,Sodas & Mixers,Organic Sparkling Yerba Mate Beverage,$1.49
Trader Joes,Beverages,Sodas & Mixers,Organic Sparkling Green Tea Beverage,$1.49
Trader Joes,Beverages,Juices & More,Sparkling Lemonade,$3.99
Trader Joes,Beverages,"Wine, Beer & Liquor",Villa Cerrina Montepulciano D'Abruzzo,$5.99
Trader Joes,Beverages,"Wine, Beer & Liquor",La Ferme Julien Rosé,$5.99
Trader Joes,Beverages,"Wine, Beer & Liquor",Blue Shell Sauvignon Blanc,$7.99
Trader Joes,Beverages,"Wine, Beer & Liquor",Cecilia Beretta Prosecco Rosé,$10.99
Trader Joes,Beverages,Water (Sparkling & Still),Single Origin Organic Coconut Water,$2.29
Trader Joes,Beverages,Juices & More,Fresh Squeezed Lemonade,$3.99
Trader Joes,Beverages,Juices & More,Organic Sparkling Ginger + Lemon Apple Cider Vinegar Beverage,$1.69
Trader Joes,Beverages,Juices & More,Organic Sparkling Lemon + Strawberry Apple Cider Vinegar Beverage,$1.69
Trader Joes,Beverages,Sodas & Mixers,Sparkling Black Tea with Peach Juice Beverage,$3.99
Trader Joes,Beverages,Coffee & Tea,Organic Blood Orange Rooibos Herbal Tea Blend,$2.79
Trader Joes,Beverages,Juices & More,Organic Carrot Turmeric Juice Blend,$3.99
Trader Joes,Beverages,Non-Dairy Bev,"Unsweetened Almond, Cashew & Macadamia Nut Beverage",$2.49
Trader Joes,Beverages,Coffee & Tea,Joe Light Roast Ground Coffee,$4.99
Trader Joes,Beverages,Coffee & Tea,Spiced Chai Black Tea Concentrate,$2.49
Trader Joes,Beverages,Coffee & Tea,Joe's Decaf Coffee Cups,$5.29
Trader Joes,Beverages,Coffee & Tea,Matcha Green Tea,$1.29
Trader Joes,Beverages,Coffee & Tea,Golden Oolong Tea,$1.29
Trader Joes,Beverages,Sodas & Mixers,Sparkling Coconut Water with Yuzu,$3.99
Trader Joes,Beverages,Juices & More,Absolutely Acerola Juice Shot,$1.99
Trader Joes,Beverages,Coffee & Tea,Instant Cold Brew Coffee,$4.49
Trader Joes,Beverages,Juices & More,Organic Cold Pressed Orange Juice,$1.99
Trader Joes,Beverages,Coffee & Tea,Ready To Drink Cold Brew Coffee,$4.99
Trader Joes,Beverages,Coffee & Tea,Organic Earl Grey Tea,$2.69
Trader Joes,Beverages,"Wine, Beer & Liquor",Boatswain American I.P.A.,$4.99
Trader Joes,Beverages,Water (Sparkling & Still),Seltzer Water flavored with Lemon and Ginger Juice,$3.29
Trader Joes,Beverages,Non-Dairy Bev,Unsweetened Non-Dairy Hemp Beverage,$2.69
Trader Joes,Beverages,Non-Dairy Bev,Non-Dairy Oat Beverage,$2.49
Trader Joes,Beverages,Juices & More,Sparkling Strawberry Juice,$3.99
Trader Joes,Beverages,"Wine, Beer & Liquor",Petit Reserve Cabernet Franc Paso Robles 2021,$7.99
